{"cameraMode":{"drawMode":0,"name":"Shaded","section":"Shading Mode"},"sceneLighting":false,"audioPlay":false,"sceneViewState":{"m_AlwaysRefresh":false,"showFog":true,"showSkybox":false,"showFlares":true,"showImageEffects":true,"showParticleSystems":true,"showVisualEffectGraphs":true,"m_FxEnabled":true},"in2DMode":false,"pivot":{"x":1.3255606889724732,"y":-0.9303749799728394,"z":-1.0924168825149537},"rotation":{"x":0.05179392173886299,"y":-0.9411197304725647,"z":0.29721513390541079,"w":0.15561771392822267},"size":2.7760677337646486,"orthographic":false}