{"cameraMode":{"drawMode":0,"name":"Shaded","section":"Shading Mode"},"sceneLighting":false,"audioPlay":false,"sceneViewState":{"m_AlwaysRefresh":false,"showFog":true,"showSkybox":false,"showFlares":true,"showImageEffects":true,"showParticleSystems":true,"showVisualEffectGraphs":true,"m_FxEnabled":true},"in2DMode":false,"pivot":{"x":-3.2538058757781984,"y":0.6747100353240967,"z":1.0518368482589722},"rotation":{"x":-0.06450707465410233,"y":-0.8410181403160095,"z":0.10298482328653336,"w":-0.5273564457893372},"size":0.8663607239723206,"orthographic":false}