{"cameraMode":{"drawMode":0,"name":"Shaded","section":"Shading Mode"},"sceneLighting":false,"audioPlay":false,"sceneViewState":{"m_AlwaysRefresh":false,"showFog":true,"showSkybox":false,"showFlares":true,"showImageEffects":true,"showParticleSystems":true,"showVisualEffectGraphs":true,"m_FxEnabled":true},"in2DMode":false,"pivot":{"x":0.02270561456680298,"y":-0.8636894822120667,"z":-1.0938572883605958},"rotation":{"x":-0.063387431204319,"y":0.9237099885940552,"z":-0.34127694368362429,"w":-0.16497905552387238},"size":1.4163093566894532,"orthographic":false}